 -- AD_Table
INSERT INTO ad_table(ad_table_id, ad_client_id, ad_org_id, isactive, created, createdby, updated, updatedby, name, description, help, tablename, isview, accesslevel, entitytype, ad_window_id, ad_val_rule_id, loadseq, issecurityenabled, isdeleteable, ishighvolume, importtable, ischangelog, replicationtype, po_window_id, copycolumnsfromtable, iscentrallymaintained, ispersonallock, issystemlanguage)
  VALUES(1120021, 0, 0, 'Y', '2011-04-05 21:11:52.0', 100, '2011-04-05 21:17:45.0', 100, 'Formula (BR)', NULL, NULL, 'LBR_Formula', 'N', '6', 'LBRA', 1120010, NULL, 0, 'N', 'Y', 'N', 'N', 'N', 'L', NULL, 'N', 'Y', NULL, 'N');
INSERT INTO ad_table_trl(ad_table_id, ad_language, ad_client_id, ad_org_id, isactive, created, createdby, updated, updatedby, name, istranslated)
  VALUES(1120021, 'pt_BR', 0, 0, 'Y', '2011-04-05 21:11:52.0', 100, '2011-04-05 21:11:52.0', 100, 'Formula (BR)', 'N');

 -- Elements
INSERT INTO ad_element(ad_element_id, ad_client_id, ad_org_id, isactive, created, createdby, updated, updatedby, columnname, entitytype, name, printname, description, help, po_name, po_printname, po_description, po_help)
  VALUES(1120076, 0, 0, 'Y', '2011-04-05 21:12:45.0', 100, '2011-04-05 21:12:45.0', 100, 'LBR_Formula_ID', 'LBRA', 'Formula (BR)', 'Formula (BR)', NULL, NULL, NULL, NULL, NULL, NULL);
INSERT INTO ad_element_trl(ad_element_id, ad_language, ad_client_id, ad_org_id, isactive, created, createdby, updated, updatedby, name, printname, description, help, po_name, po_printname, po_description, po_help, istranslated)
  VALUES(1120076, 'pt_BR', 0, 0, 'Y', '2011-04-05 21:12:45.0', 100, '2011-04-05 21:12:45.0', 100, 'Formula (BR)', 'Formula (BR)', NULL, NULL, NULL, NULL, NULL, NULL, 'N');

  
 -- Columns
INSERT INTO ad_column(ad_column_id, ad_client_id, ad_org_id, isactive, created, updated, createdby, updatedby, name, description, help, version, entitytype, columnname, ad_table_id, ad_reference_id, ad_reference_value_id, ad_val_rule_id, fieldlength, defaultvalue, iskey, isparent, ismandatory, isupdateable, readonlylogic, isidentifier, seqno, istranslated, isencrypted, callout, vformat, valuemin, valuemax, isselectioncolumn, ad_element_id, ad_process_id, issyncdatabase, isalwaysupdateable, columnsql, mandatorylogic, infofactoryclass, isautocomplete, isallowlogging, formatpattern)
  VALUES(1120320, 0, 0, 'Y', '2011-04-05 21:12:47.0', '2011-04-05 21:12:47.0', 100, 100, 'Client', 'Client/Tenant for this installation.', 'A Client is a company or a legal entity. You cannot share data between Clients. Tenant is a synonym for Client.', 1, 'LBRA', 'AD_Client_ID', 1120021, 19, NULL, NULL, 22, '@#AD_Client_ID@', 'N', 'N', 'Y', 'N', NULL, 'N', 0, 'N', 'N', NULL, NULL, NULL, NULL, 'N', 102, NULL, 'Y', 'N', NULL, NULL, NULL, 'N', 'Y', NULL);
INSERT INTO ad_column(ad_column_id, ad_client_id, ad_org_id, isactive, created, updated, createdby, updatedby, name, description, help, version, entitytype, columnname, ad_table_id, ad_reference_id, ad_reference_value_id, ad_val_rule_id, fieldlength, defaultvalue, iskey, isparent, ismandatory, isupdateable, readonlylogic, isidentifier, seqno, istranslated, isencrypted, callout, vformat, valuemin, valuemax, isselectioncolumn, ad_element_id, ad_process_id, issyncdatabase, isalwaysupdateable, columnsql, mandatorylogic, infofactoryclass, isautocomplete, isallowlogging, formatpattern)
  VALUES(1120321, 0, 0, 'Y', '2011-04-05 21:12:47.0', '2011-04-05 21:12:47.0', 100, 100, 'Organization', 'Organizational entity within client', 'An organization is a unit of your client or legal entity - examples are store, department. You can share data between organizations.', 1, 'LBRA', 'AD_Org_ID', 1120021, 19, NULL, 104, 22, '@#AD_Org_ID@', 'N', 'N', 'Y', 'N', NULL, 'N', 0, 'N', 'N', NULL, NULL, NULL, NULL, 'N', 113, NULL, 'Y', 'N', NULL, NULL, NULL, 'N', 'Y', NULL);
INSERT INTO ad_column(ad_column_id, ad_client_id, ad_org_id, isactive, created, updated, createdby, updatedby, name, description, help, version, entitytype, columnname, ad_table_id, ad_reference_id, ad_reference_value_id, ad_val_rule_id, fieldlength, defaultvalue, iskey, isparent, ismandatory, isupdateable, readonlylogic, isidentifier, seqno, istranslated, isencrypted, callout, vformat, valuemin, valuemax, isselectioncolumn, ad_element_id, ad_process_id, issyncdatabase, isalwaysupdateable, columnsql, mandatorylogic, infofactoryclass, isautocomplete, isallowlogging, formatpattern)
  VALUES(1120322, 0, 0, 'Y', '2011-04-05 21:12:48.0', '2011-04-05 21:12:48.0', 100, 100, 'Created', 'Date this record was created', 'The Created field indicates the date that this record was created.', 1, 'LBRA', 'Created', 1120021, 16, NULL, NULL, 7, NULL, 'N', 'N', 'Y', 'N', NULL, 'N', 0, 'N', 'N', NULL, NULL, NULL, NULL, 'N', 245, NULL, 'Y', 'N', NULL, NULL, NULL, 'N', 'Y', NULL);
INSERT INTO ad_column(ad_column_id, ad_client_id, ad_org_id, isactive, created, updated, createdby, updatedby, name, description, help, version, entitytype, columnname, ad_table_id, ad_reference_id, ad_reference_value_id, ad_val_rule_id, fieldlength, defaultvalue, iskey, isparent, ismandatory, isupdateable, readonlylogic, isidentifier, seqno, istranslated, isencrypted, callout, vformat, valuemin, valuemax, isselectioncolumn, ad_element_id, ad_process_id, issyncdatabase, isalwaysupdateable, columnsql, mandatorylogic, infofactoryclass, isautocomplete, isallowlogging, formatpattern)
  VALUES(1120323, 0, 0, 'Y', '2011-04-05 21:12:49.0', '2011-04-05 21:12:49.0', 100, 100, 'Created By', 'User who created this records', 'The Created By field indicates the user who created this record.', 1, 'LBRA', 'CreatedBy', 1120021, 18, 110, NULL, 22, NULL, 'N', 'N', 'Y', 'N', NULL, 'N', 0, 'N', 'N', NULL, NULL, NULL, NULL, 'N', 246, NULL, 'Y', 'N', NULL, NULL, NULL, 'N', 'Y', NULL);
INSERT INTO ad_column(ad_column_id, ad_client_id, ad_org_id, isactive, created, updated, createdby, updatedby, name, description, help, version, entitytype, columnname, ad_table_id, ad_reference_id, ad_reference_value_id, ad_val_rule_id, fieldlength, defaultvalue, iskey, isparent, ismandatory, isupdateable, readonlylogic, isidentifier, seqno, istranslated, isencrypted, callout, vformat, valuemin, valuemax, isselectioncolumn, ad_element_id, ad_process_id, issyncdatabase, isalwaysupdateable, columnsql, mandatorylogic, infofactoryclass, isautocomplete, isallowlogging, formatpattern)
  VALUES(1120327, 0, 0, 'Y', '2011-04-05 21:13:34.0', '2011-04-05 21:19:44.0', 100, 100, 'Description', 'Optional short description of the record', 'A description is limited to 255 characters.', 0, 'U', 'Description', 1120021, 14, NULL, NULL, 512, NULL, 'N', 'N', 'N', 'Y', NULL, 'N', 0, 'N', 'N', NULL, NULL, NULL, NULL, 'N', 275, NULL, 'N', 'N', NULL, NULL, NULL, 'N', 'Y', NULL);
INSERT INTO ad_column(ad_column_id, ad_client_id, ad_org_id, isactive, created, updated, createdby, updatedby, name, description, help, version, entitytype, columnname, ad_table_id, ad_reference_id, ad_reference_value_id, ad_val_rule_id, fieldlength, defaultvalue, iskey, isparent, ismandatory, isupdateable, readonlylogic, isidentifier, seqno, istranslated, isencrypted, callout, vformat, valuemin, valuemax, isselectioncolumn, ad_element_id, ad_process_id, issyncdatabase, isalwaysupdateable, columnsql, mandatorylogic, infofactoryclass, isautocomplete, isallowlogging, formatpattern)
  VALUES(1120324, 0, 0, 'Y', '2011-04-05 21:12:49.0', '2011-04-05 21:12:49.0', 100, 100, 'Active', 'The record is active in the system', 'There are two methods of making records unavailable in the system: One is to delete the record, the other is to de-activate the record. A de-activated record is not available for selection, but available for reports.
There are two reasons for de-activating and not deleting records:
(1) The system requires the record for audit purposes.
(2) The record is referenced by other records. E.g., you cannot delete a Business Partner, if there are invoices for this partner record existing. You de-activate the Business Partner and prevent that this record is used for future entries.', 1, 'LBRA', 'IsActive', 1120021, 20, NULL, NULL, 1, 'Y', 'N', 'N', 'Y', 'Y', NULL, 'N', 0, 'N', 'N', NULL, NULL, NULL, NULL, 'N', 348, NULL, 'Y', 'N', NULL, NULL, NULL, 'N', 'Y', NULL);
INSERT INTO ad_column(ad_column_id, ad_client_id, ad_org_id, isactive, created, updated, createdby, updatedby, name, description, help, version, entitytype, columnname, ad_table_id, ad_reference_id, ad_reference_value_id, ad_val_rule_id, fieldlength, defaultvalue, iskey, isparent, ismandatory, isupdateable, readonlylogic, isidentifier, seqno, istranslated, isencrypted, callout, vformat, valuemin, valuemax, isselectioncolumn, ad_element_id, ad_process_id, issyncdatabase, isalwaysupdateable, columnsql, mandatorylogic, infofactoryclass, isautocomplete, isallowlogging, formatpattern)
  VALUES(1120319, 0, 0, 'Y', '2011-04-05 21:12:45.0', '2011-04-05 21:12:45.0', 100, 100, 'Formula (BR)', NULL, NULL, 1, 'LBRA', 'LBR_Formula_ID', 1120021, 13, NULL, NULL, 22, NULL, 'Y', 'N', 'Y', 'N', NULL, 'N', 0, 'N', 'N', NULL, NULL, NULL, NULL, 'N', 1120076, NULL, 'Y', 'N', NULL, NULL, NULL, 'N', 'Y', NULL);
INSERT INTO ad_column(ad_column_id, ad_client_id, ad_org_id, isactive, created, updated, createdby, updatedby, name, description, help, version, entitytype, columnname, ad_table_id, ad_reference_id, ad_reference_value_id, ad_val_rule_id, fieldlength, defaultvalue, iskey, isparent, ismandatory, isupdateable, readonlylogic, isidentifier, seqno, istranslated, isencrypted, callout, vformat, valuemin, valuemax, isselectioncolumn, ad_element_id, ad_process_id, issyncdatabase, isalwaysupdateable, columnsql, mandatorylogic, infofactoryclass, isautocomplete, isallowlogging, formatpattern)
  VALUES(1120329, 0, 0, 'Y', '2011-04-05 21:21:05.0', '2011-04-05 21:41:58.0', 100, 100, 'Name', 'Alphanumeric identifier of the entity', 'The name of an entity (record) is used as an default search option in addition to the search key. The name is up to 60 characters in length.', 0, 'U', 'Name', 1120021, 10, NULL, NULL, 40, NULL, 'N', 'N', 'Y', 'Y', NULL, 'Y', 0, 'N', 'N', NULL, NULL, NULL, NULL, 'N', 469, NULL, 'N', 'N', NULL, NULL, NULL, 'N', 'Y', NULL);
INSERT INTO ad_column(ad_column_id, ad_client_id, ad_org_id, isactive, created, updated, createdby, updatedby, name, description, help, version, entitytype, columnname, ad_table_id, ad_reference_id, ad_reference_value_id, ad_val_rule_id, fieldlength, defaultvalue, iskey, isparent, ismandatory, isupdateable, readonlylogic, isidentifier, seqno, istranslated, isencrypted, callout, vformat, valuemin, valuemax, isselectioncolumn, ad_element_id, ad_process_id, issyncdatabase, isalwaysupdateable, columnsql, mandatorylogic, infofactoryclass, isautocomplete, isallowlogging, formatpattern)
  VALUES(1120325, 0, 0, 'Y', '2011-04-05 21:12:50.0', '2011-04-05 21:12:50.0', 100, 100, 'Updated', 'Date this record was updated', 'The Updated field indicates the date that this record was updated.', 1, 'LBRA', 'Updated', 1120021, 16, NULL, NULL, 7, NULL, 'N', 'N', 'Y', 'N', NULL, 'N', 0, 'N', 'N', NULL, NULL, NULL, NULL, 'N', 607, NULL, 'Y', 'N', NULL, NULL, NULL, 'N', 'Y', NULL);
INSERT INTO ad_column(ad_column_id, ad_client_id, ad_org_id, isactive, created, updated, createdby, updatedby, name, description, help, version, entitytype, columnname, ad_table_id, ad_reference_id, ad_reference_value_id, ad_val_rule_id, fieldlength, defaultvalue, iskey, isparent, ismandatory, isupdateable, readonlylogic, isidentifier, seqno, istranslated, isencrypted, callout, vformat, valuemin, valuemax, isselectioncolumn, ad_element_id, ad_process_id, issyncdatabase, isalwaysupdateable, columnsql, mandatorylogic, infofactoryclass, isautocomplete, isallowlogging, formatpattern)
  VALUES(1120326, 0, 0, 'Y', '2011-04-05 21:12:51.0', '2011-04-05 21:12:51.0', 100, 100, 'Updated By', 'User who updated this records', 'The Updated By field indicates the user who updated this record.', 1, 'LBRA', 'UpdatedBy', 1120021, 18, 110, NULL, 22, NULL, 'N', 'N', 'Y', 'N', NULL, 'N', 0, 'N', 'N', NULL, NULL, NULL, NULL, 'N', 608, NULL, 'Y', 'N', NULL, NULL, NULL, 'N', 'Y', NULL);
INSERT INTO ad_column(ad_column_id, ad_client_id, ad_org_id, isactive, created, updated, createdby, updatedby, name, description, help, version, entitytype, columnname, ad_table_id, ad_reference_id, ad_reference_value_id, ad_val_rule_id, fieldlength, defaultvalue, iskey, isparent, ismandatory, isupdateable, readonlylogic, isidentifier, seqno, istranslated, isencrypted, callout, vformat, valuemin, valuemax, isselectioncolumn, ad_element_id, ad_process_id, issyncdatabase, isalwaysupdateable, columnsql, mandatorylogic, infofactoryclass, isautocomplete, isallowlogging, formatpattern)
  VALUES(1120328, 0, 0, 'Y', '2011-04-05 21:14:20.0', '2011-04-05 21:23:07.0', 100, 100, 'Formula', 'Defines the Tax Formula', 'Defines the Tax Formula', 0, 'U', 'lbr_Formula', 1120021, 34, NULL, NULL, 512, NULL, 'N', 'N', 'Y', 'Y', NULL, 'N', 0, 'N', 'N', NULL, NULL, NULL, NULL, 'N', 1000174, NULL, 'N', 'N', NULL, NULL, NULL, 'N', 'Y', NULL);

  -- Column_Trl
  
INSERT INTO ad_column_trl(ad_column_id, ad_language, ad_client_id, ad_org_id, isactive, created, createdby, updated, updatedby, name, istranslated)
  VALUES(1120321, 'pt_BR', 0, 0, 'Y', '2011-04-05 21:12:47.0', 100, '2011-04-05 21:12:47.0', 100, 'Organization', 'N');
INSERT INTO ad_column_trl(ad_column_id, ad_language, ad_client_id, ad_org_id, isactive, created, createdby, updated, updatedby, name, istranslated)
  VALUES(1120326, 'pt_BR', 0, 0, 'Y', '2011-04-05 21:12:51.0', 100, '2011-04-05 21:12:51.0', 100, 'Updated By', 'N');
INSERT INTO ad_column_trl(ad_column_id, ad_language, ad_client_id, ad_org_id, isactive, created, createdby, updated, updatedby, name, istranslated)
  VALUES(1120320, 'pt_BR', 0, 0, 'Y', '2011-04-05 21:12:47.0', 100, '2011-04-05 21:12:47.0', 100, 'Client', 'N');
INSERT INTO ad_column_trl(ad_column_id, ad_language, ad_client_id, ad_org_id, isactive, created, createdby, updated, updatedby, name, istranslated)
  VALUES(1120329, 'pt_BR', 0, 0, 'Y', '2011-04-05 21:21:05.0', 100, '2011-04-05 21:21:05.0', 100, 'Name', 'N');
INSERT INTO ad_column_trl(ad_column_id, ad_language, ad_client_id, ad_org_id, isactive, created, createdby, updated, updatedby, name, istranslated)
  VALUES(1120325, 'pt_BR', 0, 0, 'Y', '2011-04-05 21:12:50.0', 100, '2011-04-05 21:12:50.0', 100, 'Updated', 'N');
INSERT INTO ad_column_trl(ad_column_id, ad_language, ad_client_id, ad_org_id, isactive, created, createdby, updated, updatedby, name, istranslated)
  VALUES(1120322, 'pt_BR', 0, 0, 'Y', '2011-04-05 21:12:48.0', 100, '2011-04-05 21:12:48.0', 100, 'Created', 'N');
INSERT INTO ad_column_trl(ad_column_id, ad_language, ad_client_id, ad_org_id, isactive, created, createdby, updated, updatedby, name, istranslated)
  VALUES(1120323, 'pt_BR', 0, 0, 'Y', '2011-04-05 21:12:49.0', 100, '2011-04-05 21:12:49.0', 100, 'Created By', 'N');
INSERT INTO ad_column_trl(ad_column_id, ad_language, ad_client_id, ad_org_id, isactive, created, createdby, updated, updatedby, name, istranslated)
  VALUES(1120319, 'pt_BR', 0, 0, 'Y', '2011-04-05 21:12:45.0', 100, '2011-04-05 21:12:45.0', 100, 'Formula (BR)', 'N');
INSERT INTO ad_column_trl(ad_column_id, ad_language, ad_client_id, ad_org_id, isactive, created, createdby, updated, updatedby, name, istranslated)
  VALUES(1120328, 'pt_BR', 0, 0, 'Y', '2011-04-05 21:14:20.0', 100, '2011-04-05 21:14:20.0', 100, 'Formula', 'N');
INSERT INTO ad_column_trl(ad_column_id, ad_language, ad_client_id, ad_org_id, isactive, created, createdby, updated, updatedby, name, istranslated)
  VALUES(1120324, 'pt_BR', 0, 0, 'Y', '2011-04-05 21:12:49.0', 100, '2011-04-05 21:12:49.0', 100, 'Active', 'N');
INSERT INTO ad_column_trl(ad_column_id, ad_language, ad_client_id, ad_org_id, isactive, created, createdby, updated, updatedby, name, istranslated)
  VALUES(1120327, 'pt_BR', 0, 0, 'Y', '2011-04-05 21:13:34.0', 100, '2011-04-05 21:13:34.0', 100, 'Description', 'N');

  -- AD_Window
  
INSERT INTO ad_window(ad_window_id, ad_client_id, ad_org_id, isactive, created, createdby, updated, updatedby, name, description, help, windowtype, issotrx, entitytype, processing, ad_image_id, ad_color_id, isdefault, winheight, winwidth, isbetafunctionality)
  VALUES(1120010, 0, 0, 'Y', '2011-04-05 21:16:10.0', 100, '2011-04-05 21:16:10.0', 100, 'Formula', NULL, NULL, 'M', 'Y', 'LBRA', 'N', NULL, NULL, 'N', 0, 0, 'N');
INSERT INTO ad_window_trl(ad_window_id, ad_language, ad_client_id, ad_org_id, isactive, created, createdby, updated, updatedby, name, description, help, istranslated)
  VALUES(1120010, 'pt_BR', 0, 0, 'Y', '2011-04-05 21:16:10.0', 100, '2011-04-05 21:16:10.0', 100, 'Formula', NULL, NULL, 'N');
INSERT INTO ad_tab(ad_tab_id, ad_client_id, ad_org_id, isactive, created, createdby, updated, updatedby, name, description, help, ad_table_id, ad_window_id, seqno, tablevel, issinglerow, isinfotab, istranslationtab, isreadonly, ad_column_id, hastree, whereclause, orderbyclause, commitwarning, ad_process_id, processing, ad_image_id, importfields, ad_columnsortorder_id, ad_columnsortyesno_id, issorttab, entitytype, included_tab_id, readonlylogic, displaylogic, isinsertrecord, isadvancedtab, parent_column_id)
  VALUES(1120018, 0, 0, 'Y', '2011-04-05 21:16:40.0', 100, '2011-04-05 21:16:40.0', 100, 'Formulas', NULL, NULL, 1120021, 1120010, 10, 0, 'N', 'N', 'N', 'N', NULL, 'N', NULL, NULL, NULL, NULL, 'N', NULL, 'N', NULL, NULL, 'N', 'U', NULL, NULL, NULL, 'Y', 'N', NULL);
INSERT INTO ad_tab_trl(ad_tab_id, ad_language, ad_client_id, ad_org_id, isactive, created, createdby, updated, updatedby, name, description, help, commitwarning, istranslated)
  VALUES(1120018, 'pt_BR', 0, 0, 'Y', '2011-04-05 21:16:40.0', 100, '2011-04-05 21:16:40.0', 100, 'Formulas', NULL, NULL, NULL, 'N');

  -- AD_Field
INSERT INTO ad_Field(ad_field_id, ad_client_id, ad_org_id, isactive, created, createdby, updated, updatedby, name, description, help, iscentrallymaintained, ad_tab_id, ad_column_id, ad_fieldgroup_id, isdisplayed, displaylogic, displaylength, isreadonly, seqno, sortno, issameline, isheading, isfieldonly, isencrypted, entitytype, obscuretype, ad_reference_id, ismandatory, included_tab_id, defaultvalue, ad_reference_value_id, ad_val_rule_id, infofactoryclass)
  VALUES(1120255, 0, 0, 'Y', '2011-04-05 21:16:48.0', 100, '2011-04-05 21:16:48.0', 100, 'Formula (BR)', NULL, NULL, 'Y', 1120018, 1120319, NULL, 'N', NULL, 22, 'N', NULL, NULL, 'N', 'N', 'N', 'N', 'LBRA', NULL, NULL, NULL, NULL, NULL, NULL, NULL, NULL);
INSERT INTO ad_Field(ad_field_id, ad_client_id, ad_org_id, isactive, created, createdby, updated, updatedby, name, description, help, iscentrallymaintained, ad_tab_id, ad_column_id, ad_fieldgroup_id, isdisplayed, displaylogic, displaylength, isreadonly, seqno, sortno, issameline, isheading, isfieldonly, isencrypted, entitytype, obscuretype, ad_reference_id, ismandatory, included_tab_id, defaultvalue, ad_reference_value_id, ad_val_rule_id, infofactoryclass)
  VALUES(1120252, 0, 0, 'Y', '2011-04-05 21:16:46.0', 100, '2011-04-05 21:16:46.0', 100, 'Client', 'Client/Tenant for this installation.', 'A Client is a company or a legal entity. You cannot share data between Clients. Tenant is a synonym for Client.', 'Y', 1120018, 1120320, NULL, 'Y', NULL, 22, 'N', 10, NULL, 'N', 'N', 'N', 'N', 'LBRA', NULL, NULL, NULL, NULL, NULL, NULL, NULL, NULL);
INSERT INTO ad_Field(ad_field_id, ad_client_id, ad_org_id, isactive, created, createdby, updated, updatedby, name, description, help, iscentrallymaintained, ad_tab_id, ad_column_id, ad_fieldgroup_id, isdisplayed, displaylogic, displaylength, isreadonly, seqno, sortno, issameline, isheading, isfieldonly, isencrypted, entitytype, obscuretype, ad_reference_id, ismandatory, included_tab_id, defaultvalue, ad_reference_value_id, ad_val_rule_id, infofactoryclass)
  VALUES(1120256, 0, 0, 'Y', '2011-04-05 21:16:48.0', 100, '2011-04-05 21:17:10.0', 100, 'Organization', 'Organizational entity within client', 'An organization is a unit of your client or legal entity - examples are store, department. You can share data between organizations.', 'Y', 1120018, 1120321, NULL, 'Y', NULL, 22, 'N', 20, NULL, 'Y', 'N', 'N', 'N', 'LBRA', NULL, NULL, NULL, NULL, NULL, NULL, NULL, NULL);
INSERT INTO ad_Field(ad_field_id, ad_client_id, ad_org_id, isactive, created, createdby, updated, updatedby, name, description, help, iscentrallymaintained, ad_tab_id, ad_column_id, ad_fieldgroup_id, isdisplayed, displaylogic, displaylength, isreadonly, seqno, sortno, issameline, isheading, isfieldonly, isencrypted, entitytype, obscuretype, ad_reference_id, ismandatory, included_tab_id, defaultvalue, ad_reference_value_id, ad_val_rule_id, infofactoryclass)
  VALUES(1120251, 0, 0, 'Y', '2011-04-05 21:16:44.0', 100, '2011-04-05 21:21:41.0', 100, 'Active', 'The record is active in the system', 'There are two methods of making records unavailable in the system: One is to delete the record, the other is to de-activate the record. A de-activated record is not available for selection, but available for reports.
There are two reasons for de-activating and not deleting records:
(1) The system requires the record for audit purposes.
(2) The record is referenced by other records. E.g., you cannot delete a Business Partner, if there are invoices for this partner record existing. You de-activate the Business Partner and prevent that this record is used for future entries.', 'Y', 1120018, 1120324, NULL, 'Y', NULL, 22, 'N', 30, NULL, 'Y', 'N', 'N', 'N', 'LBRA', NULL, NULL, NULL, NULL, NULL, NULL, NULL, NULL);
INSERT INTO ad_Field(ad_field_id, ad_client_id, ad_org_id, isactive, created, createdby, updated, updatedby, name, description, help, iscentrallymaintained, ad_tab_id, ad_column_id, ad_fieldgroup_id, isdisplayed, displaylogic, displaylength, isreadonly, seqno, sortno, issameline, isheading, isfieldonly, isencrypted, entitytype, obscuretype, ad_reference_id, ismandatory, included_tab_id, defaultvalue, ad_reference_value_id, ad_val_rule_id, infofactoryclass)
  VALUES(1120253, 0, 0, 'Y', '2011-04-05 21:16:46.0', 100, '2011-04-05 21:16:46.0', 100, 'Description', 'Optional short description of the record', 'A description is limited to 255 characters.', 'Y', 1120018, 1120327, NULL, 'Y', NULL, 512, 'N', 40, NULL, 'N', 'N', 'N', 'N', 'U', NULL, NULL, NULL, NULL, NULL, NULL, NULL, NULL);
INSERT INTO ad_Field(ad_field_id, ad_client_id, ad_org_id, isactive, created, createdby, updated, updatedby, name, description, help, iscentrallymaintained, ad_tab_id, ad_column_id, ad_fieldgroup_id, isdisplayed, displaylogic, displaylength, isreadonly, seqno, sortno, issameline, isheading, isfieldonly, isencrypted, entitytype, obscuretype, ad_reference_id, ismandatory, included_tab_id, defaultvalue, ad_reference_value_id, ad_val_rule_id, infofactoryclass)
  VALUES(1120254, 0, 0, 'Y', '2011-04-05 21:16:47.0', 100, '2011-04-05 21:16:47.0', 100, 'Formula', 'Defines the Tax Formula', 'Defines the Tax Formula', 'Y', 1120018, 1120328, NULL, 'Y', NULL, 512, 'N', 50, NULL, 'N', 'N', 'N', 'N', 'U', NULL, NULL, NULL, NULL, NULL, NULL, NULL, NULL);
INSERT INTO ad_Field(ad_field_id, ad_client_id, ad_org_id, isactive, created, createdby, updated, updatedby, name, description, help, iscentrallymaintained, ad_tab_id, ad_column_id, ad_fieldgroup_id, isdisplayed, displaylogic, displaylength, isreadonly, seqno, sortno, issameline, isheading, isfieldonly, isencrypted, entitytype, obscuretype, ad_reference_id, ismandatory, included_tab_id, defaultvalue, ad_reference_value_id, ad_val_rule_id, infofactoryclass)
  VALUES(1120257, 0, 0, 'Y', '2011-04-05 21:21:29.0', 100, '2011-04-05 21:22:32.0', 100, 'Name', 'Alphanumeric identifier of the entity', 'The name of an entity (record) is used as an default search option in addition to the search key. The name is up to 60 characters in length.', 'Y', 1120018, 1120329, NULL, 'Y', NULL, 22, 'N', 25, NULL, 'N', 'N', 'N', 'N', 'U', NULL, NULL, NULL, NULL, NULL, NULL, NULL, NULL);

  -- AD_Field_Trl
INSERT INTO ad_field_trl(ad_field_id, ad_language, ad_client_id, ad_org_id, isactive, created, createdby, updated, updatedby, name, description, help, istranslated)
  VALUES(1120255, 'pt_BR', 0, 0, 'Y', '2011-04-05 21:16:48.0', 100, '2011-04-05 21:16:48.0', 100, 'Formula (BR)', NULL, NULL, 'N');
INSERT INTO ad_field_trl(ad_field_id, ad_language, ad_client_id, ad_org_id, isactive, created, createdby, updated, updatedby, name, description, help, istranslated)
  VALUES(1120254, 'pt_BR', 0, 0, 'Y', '2011-04-05 21:16:47.0', 100, '2011-04-05 21:16:47.0', 100, 'Formula', 'Defines the Tax Formula', 'Defines the Tax Formula', 'N');
INSERT INTO ad_field_trl(ad_field_id, ad_language, ad_client_id, ad_org_id, isactive, created, createdby, updated, updatedby, name, description, help, istranslated)
  VALUES(1120252, 'pt_BR', 0, 0, 'Y', '2011-04-05 21:16:46.0', 100, '2011-04-05 21:16:46.0', 100, 'Client', 'Client/Tenant for this installation.', 'A Client is a company or a legal entity. You cannot share data between Clients. Tenant is a synonym for Client.', 'N');
INSERT INTO ad_field_trl(ad_field_id, ad_language, ad_client_id, ad_org_id, isactive, created, createdby, updated, updatedby, name, description, help, istranslated)
  VALUES(1120256, 'pt_BR', 0, 0, 'Y', '2011-04-05 21:16:48.0', 100, '2011-04-05 21:16:48.0', 100, 'Organization', 'Organizational entity within client', 'An organization is a unit of your client or legal entity - examples are store, department. You can share data between organizations.', 'N');
INSERT INTO ad_field_trl(ad_field_id, ad_language, ad_client_id, ad_org_id, isactive, created, createdby, updated, updatedby, name, description, help, istranslated)
  VALUES(1120253, 'pt_BR', 0, 0, 'Y', '2011-04-05 21:16:46.0', 100, '2011-04-05 21:16:46.0', 100, 'Description', 'Optional short description of the record', 'A description is limited to 255 characters.', 'N');
INSERT INTO ad_field_trl(ad_field_id, ad_language, ad_client_id, ad_org_id, isactive, created, createdby, updated, updatedby, name, description, help, istranslated)
  VALUES(1120251, 'pt_BR', 0, 0, 'Y', '2011-04-05 21:16:44.0', 100, '2011-04-05 21:16:44.0', 100, 'Active', 'The record is active in the system', 'There are two methods of making records unavailable in the system: One is to delete the record, the other is to de-activate the record. A de-activated record is not available for selection, but available for reports.
There are two reasons for de-activating and not deleting records:
(1) The system requires the record for audit purposes.
(2) The record is referenced by other records. E.g., you cannot delete a Business Partner, if there are invoices for this partner record existing. You de-activate the Business Partner and prevent that this record is used for future entries.', 'N');
INSERT INTO ad_field_trl(ad_field_id, ad_language, ad_client_id, ad_org_id, isactive, created, createdby, updated, updatedby, name, description, help, istranslated)
  VALUES(1120257, 'pt_BR', 0, 0, 'Y', '2011-04-05 21:21:29.0', 100, '2011-04-05 21:21:29.0', 100, 'Name', 'Alphanumeric identifier of the entity', 'The name of an entity (record) is used as an default search option in addition to the search key. The name is up to 60 characters in length.', 'N');
