 -- Elements
INSERT INTO ad_element(ad_element_id, ad_client_id, ad_org_id, isactive, created, createdby, updated, updatedby, columnname, entitytype, name, printname, description, help, po_name, po_printname, po_description, po_help)
  VALUES(1120077, 0, 0, 'Y', '2011-04-05 21:40:55.0', 100, '2011-04-05 21:40:55.0', 100, 'LBR_FormulaNet_ID', 'U', 'Formula Net (BR)', 'Formula Net (BR)', NULL, NULL, NULL, NULL, NULL, NULL);
INSERT INTO ad_element(ad_element_id, ad_client_id, ad_org_id, isactive, created, createdby, updated, updatedby, columnname, entitytype, name, printname, description, help, po_name, po_printname, po_description, po_help)
  VALUES(1120088, 0, 0, 'Y', '2011-05-17 16:16:55.0', 100, '2011-05-17 16:16:55.0', 100, 'LBR_FormulaAdd_ID', 'LBRA', 'Additional Formula', 'Additional Formula', NULL, NULL, NULL, NULL, NULL, NULL);
INSERT INTO ad_element(ad_element_id, ad_client_id, ad_org_id, isactive, created, createdby, updated, updatedby, columnname, entitytype, name, printname, description, help, po_name, po_printname, po_description, po_help)
  VALUES(1120090, 0, 0, 'Y', '2011-05-17 17:11:05.0', 100, '2011-05-17 17:11:05.0', 100, 'LBR_FormulaBase_ID', 'LBRA', 'Formula Base', 'Formula Base', NULL, NULL, NULL, NULL, NULL, NULL);

 INSERT INTO ad_element_trl(ad_element_id, ad_language, ad_client_id, ad_org_id, isactive, created, createdby, updated, updatedby, name, printname, description, help, po_name, po_printname, po_description, po_help, istranslated)
  VALUES(1120077, 'pt_BR', 0, 0, 'Y', '2011-04-05 21:40:55.0', 100, '2011-04-05 21:40:55.0', 100, 'Formula Net (BR)', 'Formula Net (BR)', NULL, NULL, NULL, NULL, NULL, NULL, 'N');
INSERT INTO ad_element_trl(ad_element_id, ad_language, ad_client_id, ad_org_id, isactive, created, createdby, updated, updatedby, name, printname, description, help, po_name, po_printname, po_description, po_help, istranslated)
  VALUES(1120088, 'pt_BR', 0, 0, 'Y', '2011-05-17 16:16:55.0', 100, '2011-05-17 16:19:39.0', 100, 'Fórmula Adicional', 'Fórmula Adicional', 'Formula adicional para inclusão de despesas na B.C. (ex. Frete, SISCOMEX, etc.)', 'Utilize a fórmula adicional para incluir o valor do resultado da fórmula na base de cáclulo do impostos. Você pode usar para facilmente adicionar taxas ao cálculo de imposto, como por exemplo Frete, Seguro, SISCOMEX, etc. Note que esta fórmula tem um comportamento diferente, o valor do resultado será somado a B.C. do imposto e a fórmula não irá gerar um fator.', NULL, NULL, NULL, NULL, 'N');
INSERT INTO ad_element_trl(ad_element_id, ad_language, ad_client_id, ad_org_id, isactive, created, createdby, updated, updatedby, name, printname, description, help, po_name, po_printname, po_description, po_help, istranslated)
  VALUES(1120090, 'pt_BR', 0, 0, 'Y', '2011-05-17 17:11:05.0', 100, '2011-05-17 17:15:16.0', 100, 'Fórmula Base', 'Fórmula Base', 'Este fórmula é usada para encontrar o valor que será usado no cálculo dos impostos', NULL, NULL, NULL, NULL, NULL, 'N');

  -- AD_Reference
  
INSERT INTO ad_reference(ad_reference_id, ad_client_id, ad_org_id, isactive, created, createdby, updated, updatedby, name, description, help, validationtype, vformat, entitytype, isorderbyvalue)
  VALUES(1120031, 0, 0, 'Y', '2011-04-05 21:41:35.0', 100, '2011-04-05 21:41:35.0', 100, 'LBR_Formula', NULL, NULL, 'T', NULL, 'U', 'N');
INSERT INTO ad_reference_trl(ad_reference_id, ad_language, ad_client_id, ad_org_id, isactive, created, createdby, updated, updatedby, name, description, help, istranslated)
  VALUES(1120031, 'pt_BR', 0, 0, 'Y', '2011-04-05 21:41:35.0', 100, '2011-04-05 21:41:35.0', 100, 'LBR_Formula', NULL, NULL, 'N');
INSERT INTO ad_ref_table(ad_reference_id, ad_client_id, ad_org_id, isactive, created, createdby, updated, updatedby, ad_table_id, ad_key, ad_display, isvaluedisplayed, whereclause, orderbyclause, entitytype, ad_window_id)
  VALUES(1120031, 0, 0, 'Y', '2011-04-05 21:42:02.0', 100, '2011-04-05 21:42:02.0', 100, 1120021, 1120319, 1120329, 'N', NULL, NULL, 'U', NULL);

  -- Columns

INSERT INTO ad_column(ad_column_id, ad_client_id, ad_org_id, isactive, created, updated, createdby, updatedby, name, description, help, version, entitytype, columnname, ad_table_id, ad_reference_id, ad_reference_value_id, ad_val_rule_id, fieldlength, defaultvalue, iskey, isparent, ismandatory, isupdateable, readonlylogic, isidentifier, seqno, istranslated, isencrypted, callout, vformat, valuemin, valuemax, isselectioncolumn, ad_element_id, ad_process_id, issyncdatabase, isalwaysupdateable, columnsql, mandatorylogic, infofactoryclass, isautocomplete, isallowlogging, formatpattern)
  VALUES(1106004, 0, 0, 'Y', '2011-09-19 18:40:13.0', '2011-09-19 18:40:13.0', 100, 100, 'Price includes Tax', 'Tax is included in the price ', 'The Tax Included checkbox indicates if the prices include tax.  This is also known as the gross price.', 0, 'LBRA', 'IsTaxIncluded', 1000026, 20, NULL, NULL, 1, 'N', 'N', 'N', 'Y', 'Y', NULL, 'N', 0, 'N', 'N', NULL, NULL, NULL, NULL, 'N', 1065, NULL, 'N', 'N', NULL, NULL, NULL, 'N', 'Y', NULL);
INSERT INTO ad_column(ad_column_id, ad_client_id, ad_org_id, isactive, created, updated, createdby, updatedby, name, description, help, version, entitytype, columnname, ad_table_id, ad_reference_id, ad_reference_value_id, ad_val_rule_id, fieldlength, defaultvalue, iskey, isparent, ismandatory, isupdateable, readonlylogic, isidentifier, seqno, istranslated, isencrypted, callout, vformat, valuemin, valuemax, isselectioncolumn, ad_element_id, ad_process_id, issyncdatabase, isalwaysupdateable, columnsql, mandatorylogic, infofactoryclass, isautocomplete, isallowlogging, formatpattern)
  VALUES(1120388, 0, 0, 'Y', '2011-05-17 16:20:43.0', '2011-05-17 16:20:43.0', 100, 100, 'Additional Formula', NULL, NULL, 0, 'U', 'LBR_FormulaAdd_ID', 1000026, 18, 1120031, NULL, 10, NULL, 'N', 'N', 'N', 'Y', NULL, 'N', 0, 'N', 'N', NULL, NULL, NULL, NULL, 'N', 1120088, NULL, 'N', 'N', NULL, NULL, NULL, 'N', 'Y', NULL);
INSERT INTO ad_column(ad_column_id, ad_client_id, ad_org_id, isactive, created, updated, createdby, updatedby, name, description, help, version, entitytype, columnname, ad_table_id, ad_reference_id, ad_reference_value_id, ad_val_rule_id, fieldlength, defaultvalue, iskey, isparent, ismandatory, isupdateable, readonlylogic, isidentifier, seqno, istranslated, isencrypted, callout, vformat, valuemin, valuemax, isselectioncolumn, ad_element_id, ad_process_id, issyncdatabase, isalwaysupdateable, columnsql, mandatorylogic, infofactoryclass, isautocomplete, isallowlogging, formatpattern)
  VALUES(1120389, 0, 0, 'Y', '2011-05-17 17:15:31.0', '2011-05-17 17:15:31.0', 100, 100, 'Formula Base', NULL, NULL, 0, 'U', 'LBR_FormulaBase_ID', 1000026, 18, 1120031, NULL, 10, NULL, 'N', 'N', 'N', 'Y', NULL, 'N', 0, 'N', 'N', NULL, NULL, NULL, NULL, 'N', 1120090, NULL, 'N', 'N', NULL, NULL, NULL, 'N', 'Y', NULL);
INSERT INTO ad_column(ad_column_id, ad_client_id, ad_org_id, isactive, created, updated, createdby, updatedby, name, description, help, version, entitytype, columnname, ad_table_id, ad_reference_id, ad_reference_value_id, ad_val_rule_id, fieldlength, defaultvalue, iskey, isparent, ismandatory, isupdateable, readonlylogic, isidentifier, seqno, istranslated, isencrypted, callout, vformat, valuemin, valuemax, isselectioncolumn, ad_element_id, ad_process_id, issyncdatabase, isalwaysupdateable, columnsql, mandatorylogic, infofactoryclass, isautocomplete, isallowlogging, formatpattern)
  VALUES(1120332, 0, 0, 'Y', '2011-04-05 21:42:13.0', '2011-04-05 21:42:13.0', 100, 100, 'Formula Net (BR)', NULL, NULL, 0, 'U', 'LBR_FormulaNet_ID', 1000026, 18, 1120031, NULL, 10, NULL, 'N', 'N', 'N', 'Y', NULL, 'N', 0, 'N', 'N', NULL, NULL, NULL, NULL, 'N', 1120077, NULL, 'N', 'N', NULL, NULL, NULL, 'N', 'Y', NULL);
INSERT INTO ad_column(ad_column_id, ad_client_id, ad_org_id, isactive, created, updated, createdby, updatedby, name, description, help, version, entitytype, columnname, ad_table_id, ad_reference_id, ad_reference_value_id, ad_val_rule_id, fieldlength, defaultvalue, iskey, isparent, ismandatory, isupdateable, readonlylogic, isidentifier, seqno, istranslated, isencrypted, callout, vformat, valuemin, valuemax, isselectioncolumn, ad_element_id, ad_process_id, issyncdatabase, isalwaysupdateable, columnsql, mandatorylogic, infofactoryclass, isautocomplete, isallowlogging, formatpattern)
  VALUES(1120331, 0, 0, 'Y', '2011-04-05 21:40:05.0', '2011-04-05 21:40:05.0', 100, 100, 'Formula (BR)', NULL, NULL, 0, 'U', 'LBR_Formula_ID', 1000026, 19, NULL, NULL, 10, NULL, 'N', 'N', 'N', 'Y', NULL, 'N', 0, 'N', 'N', NULL, NULL, NULL, NULL, 'N', 1120076, NULL, 'N', 'N', NULL, NULL, NULL, 'N', 'Y', NULL);
INSERT INTO ad_column(ad_column_id, ad_client_id, ad_org_id, isactive, created, updated, createdby, updatedby, name, description, help, version, entitytype, columnname, ad_table_id, ad_reference_id, ad_reference_value_id, ad_val_rule_id, fieldlength, defaultvalue, iskey, isparent, ismandatory, isupdateable, readonlylogic, isidentifier, seqno, istranslated, isencrypted, callout, vformat, valuemin, valuemax, isselectioncolumn, ad_element_id, ad_process_id, issyncdatabase, isalwaysupdateable, columnsql, mandatorylogic, infofactoryclass, isautocomplete, isallowlogging, formatpattern)
  VALUES(1120333, 0, 0, 'Y', '2011-04-05 21:42:54.0', '2011-04-05 21:43:13.0', 100, 100, 'Valid from', 'Valid from including this date (first day)', 'The Valid From date indicates the first day of a date range', 0, 'U', 'ValidFrom', 1000026, 15, NULL, NULL, 7, NULL, 'N', 'N', 'Y', 'Y', NULL, 'N', 0, 'N', 'N', NULL, NULL, NULL, NULL, 'N', 617, NULL, 'N', 'N', NULL, NULL, NULL, 'N', 'Y', NULL);

INSERT INTO ad_column_trl(ad_column_id, ad_language, ad_client_id, ad_org_id, isactive, created, createdby, updated, updatedby, name, istranslated)
  VALUES(1120388, 'pt_BR', 0, 0, 'Y', '2011-05-17 16:20:43.0', 100, '2011-05-17 16:20:43.0', 100, 'Additional Formula', 'N');
INSERT INTO ad_column_trl(ad_column_id, ad_language, ad_client_id, ad_org_id, isactive, created, createdby, updated, updatedby, name, istranslated)
  VALUES(1120332, 'pt_BR', 0, 0, 'Y', '2011-04-05 21:42:13.0', 100, '2011-04-05 21:42:13.0', 100, 'Formula Net (BR)', 'N');
INSERT INTO ad_column_trl(ad_column_id, ad_language, ad_client_id, ad_org_id, isactive, created, createdby, updated, updatedby, name, istranslated)
  VALUES(1106004, 'pt_BR', 0, 0, 'Y', '2011-09-19 18:40:13.0', 100, '2011-09-19 18:40:13.0', 100, 'Price includes Tax', 'N');
INSERT INTO ad_column_trl(ad_column_id, ad_language, ad_client_id, ad_org_id, isactive, created, createdby, updated, updatedby, name, istranslated)
  VALUES(1120331, 'pt_BR', 0, 0, 'Y', '2011-04-05 21:40:05.0', 100, '2011-04-05 21:40:05.0', 100, 'Formula (BR)', 'N');
INSERT INTO ad_column_trl(ad_column_id, ad_language, ad_client_id, ad_org_id, isactive, created, createdby, updated, updatedby, name, istranslated)
  VALUES(1120389, 'pt_BR', 0, 0, 'Y', '2011-05-17 17:15:31.0', 100, '2011-05-17 17:15:31.0', 100, 'Formula Base', 'N');
INSERT INTO ad_column_trl(ad_column_id, ad_language, ad_client_id, ad_org_id, isactive, created, createdby, updated, updatedby, name, istranslated)
  VALUES(1120333, 'pt_BR', 0, 0, 'Y', '2011-04-05 21:42:54.0', 100, '2011-04-05 21:42:54.0', 100, 'Valid from', 'N');

DELETE FROM adempiere.AD_Field_Trl WHERE AD_Field_ID IN ( SELECT AD_Field_ID From adempiere.AD_Field  WHERE ad_tab_id=1000019); 
DELETE FROM adempiere.AD_Field WHERE ad_tab_id=1000019 ;

INSERT INTO ad_field(ad_field_id, ad_client_id, ad_org_id, isactive, created, createdby, updated, updatedby, name, description, help, iscentrallymaintained, ad_tab_id, ad_column_id, ad_fieldgroup_id, isdisplayed, displaylogic, displaylength, isreadonly, seqno, sortno, issameline, isheading, isfieldonly, isencrypted, entitytype, obscuretype, ad_reference_id, ismandatory, included_tab_id, defaultvalue, ad_reference_value_id, ad_val_rule_id, infofactoryclass)
  VALUES(1000271, 0, 0, 'Y', '2007-12-15 11:24:10.0', 100, '2007-12-15 11:24:10.0', 100, 'Tax Formula', 'Primary key table LBR_TaxFormula', 'Primary key table LBR_TaxFormula', 'Y', 1000019, 1000455, NULL, 'N', NULL, 22, 'N', NULL, NULL, 'N', 'N', 'N', 'N', 'LBRA', NULL, NULL, NULL, NULL, NULL, NULL, NULL, NULL);
INSERT INTO ad_field(ad_field_id, ad_client_id, ad_org_id, isactive, created, createdby, updated, updatedby, name, description, help, iscentrallymaintained, ad_tab_id, ad_column_id, ad_fieldgroup_id, isdisplayed, displaylogic, displaylength, isreadonly, seqno, sortno, issameline, isheading, isfieldonly, isencrypted, entitytype, obscuretype, ad_reference_id, ismandatory, included_tab_id, defaultvalue, ad_reference_value_id, ad_val_rule_id, infofactoryclass)
  VALUES(1000270, 0, 0, 'Y', '2007-12-15 11:24:10.0', 100, '2007-12-15 11:24:37.0', 100, 'Organization', 'Organizational entity within client', 'An organization is a unit of your client or legal entity - examples are store, department. You can share data between organizations.', 'Y', 1000019, 1000456, NULL, 'Y', NULL, 22, 'N', 20, NULL, 'Y', 'N', 'N', 'N', 'LBRA', NULL, NULL, NULL, NULL, NULL, NULL, NULL, NULL);
INSERT INTO ad_field(ad_field_id, ad_client_id, ad_org_id, isactive, created, createdby, updated, updatedby, name, description, help, iscentrallymaintained, ad_tab_id, ad_column_id, ad_fieldgroup_id, isdisplayed, displaylogic, displaylength, isreadonly, seqno, sortno, issameline, isheading, isfieldonly, isencrypted, entitytype, obscuretype, ad_reference_id, ismandatory, included_tab_id, defaultvalue, ad_reference_value_id, ad_val_rule_id, infofactoryclass)
  VALUES(1000268, 0, 0, 'Y', '2007-12-15 11:24:10.0', 100, '2007-12-15 11:24:10.0', 100, 'Client', 'Client/Tenant for this installation.', 'A Client is a company or a legal entity. You cannot share data between Clients. Tenant is a synonym for Client.', 'Y', 1000019, 1000457, NULL, 'Y', NULL, 22, 'N', 10, NULL, 'N', 'N', 'N', 'N', 'LBRA', NULL, NULL, NULL, NULL, NULL, NULL, NULL, NULL);
INSERT INTO ad_field(ad_field_id, ad_client_id, ad_org_id, isactive, created, createdby, updated, updatedby, name, description, help, iscentrallymaintained, ad_tab_id, ad_column_id, ad_fieldgroup_id, isdisplayed, displaylogic, displaylength, isreadonly, seqno, sortno, issameline, isheading, isfieldonly, isencrypted, entitytype, obscuretype, ad_reference_id, ismandatory, included_tab_id, defaultvalue, ad_reference_value_id, ad_val_rule_id, infofactoryclass)
  VALUES(1000267, 0, 0, 'Y', '2007-12-15 11:24:10.0', 100, '2011-07-29 14:51:16.0', 100, 'Active', 'The record is active in the system', 'There are two methods of making records unavailable in the system: One is to delete the record, the other is to de-activate the record. A de-activated record is not available for selection, but available for reports.
There are two reasons for de-activating and not deleting records:
(1) The system requires the record for audit purposes.
(2) The record is referenced by other records. E.g., you cannot delete a Business Partner, if there are invoices for this partner record existing. You de-activate the Business Partner and prevent that this record is used for future entries.', 'Y', 1000019, 1000458, NULL, 'Y', NULL, 1, 'N', 40, NULL, 'Y', 'N', 'N', 'N', 'LBRA', NULL, NULL, NULL, NULL, NULL, NULL, NULL, NULL);
INSERT INTO ad_field(ad_field_id, ad_client_id, ad_org_id, isactive, created, createdby, updated, updatedby, name, description, help, iscentrallymaintained, ad_tab_id, ad_column_id, ad_fieldgroup_id, isdisplayed, displaylogic, displaylength, isreadonly, seqno, sortno, issameline, isheading, isfieldonly, isencrypted, entitytype, obscuretype, ad_reference_id, ismandatory, included_tab_id, defaultvalue, ad_reference_value_id, ad_val_rule_id, infofactoryclass)
  VALUES(1000272, 0, 0, 'Y', '2007-12-15 11:24:10.0', 100, '2007-12-15 11:24:10.0', 100, 'Tax Name', 'Primary key table LBR_TaxName', 'Primary key table LBR_TaxName', 'Y', 1000019, 1000463, NULL, 'Y', NULL, 22, 'N', 30, NULL, 'N', 'N', 'N', 'N', 'LBRA', NULL, NULL, NULL, NULL, NULL, NULL, NULL, NULL);
INSERT INTO ad_field(ad_field_id, ad_client_id, ad_org_id, isactive, created, createdby, updated, updatedby, name, description, help, iscentrallymaintained, ad_tab_id, ad_column_id, ad_fieldgroup_id, isdisplayed, displaylogic, displaylength, isreadonly, seqno, sortno, issameline, isheading, isfieldonly, isencrypted, entitytype, obscuretype, ad_reference_id, ismandatory, included_tab_id, defaultvalue, ad_reference_value_id, ad_val_rule_id, infofactoryclass)
  VALUES(1000273, 0, 0, 'Y', '2007-12-15 11:24:10.0', 100, '2011-07-29 14:51:50.0', 100, 'Transaction Type', 'Defines the Transaction Type', 'Defines the Transaction Type', 'Y', 1000019, 1000464, 111, 'Y', NULL, 1, 'N', 50, NULL, 'N', 'N', 'N', 'N', 'LBRA', NULL, NULL, NULL, NULL, NULL, NULL, NULL, NULL);
INSERT INTO ad_field(ad_field_id, ad_client_id, ad_org_id, isactive, created, createdby, updated, updatedby, name, description, help, iscentrallymaintained, ad_tab_id, ad_column_id, ad_fieldgroup_id, isdisplayed, displaylogic, displaylength, isreadonly, seqno, sortno, issameline, isheading, isfieldonly, isencrypted, entitytype, obscuretype, ad_reference_id, ismandatory, included_tab_id, defaultvalue, ad_reference_value_id, ad_val_rule_id, infofactoryclass)
  VALUES(1000269, 0, 0, 'Y', '2007-12-15 11:24:10.0', 100, '2011-07-28 17:56:52.0', 100, 'Formula', 'Defines the Tax Formula', 'Defines the Tax Formula', 'Y', 1000019, 1000465, NULL, 'N', NULL, 40, 'N', 0, NULL, 'N', 'N', 'N', 'N', 'LBRA', NULL, NULL, NULL, NULL, NULL, NULL, NULL, NULL);
INSERT INTO ad_field(ad_field_id, ad_client_id, ad_org_id, isactive, created, createdby, updated, updatedby, name, description, help, iscentrallymaintained, ad_tab_id, ad_column_id, ad_fieldgroup_id, isdisplayed, displaylogic, displaylength, isreadonly, seqno, sortno, issameline, isheading, isfieldonly, isencrypted, entitytype, obscuretype, ad_reference_id, ismandatory, included_tab_id, defaultvalue, ad_reference_value_id, ad_val_rule_id, infofactoryclass)
  VALUES(1000297, 0, 0, 'Y', '2008-01-04 08:55:43.0', 100, '2011-07-28 17:56:55.0', 100, 'Formula NetWorth', 'Defines the Tax Formula NetWorth', 'Defines the Tax Formula NetWorth', 'Y', 1000019, 1000472, NULL, 'N', NULL, 40, 'N', 0, NULL, 'N', 'N', 'N', 'N', 'LBRA', NULL, NULL, NULL, NULL, NULL, NULL, NULL, NULL);
INSERT INTO ad_field(ad_field_id, ad_client_id, ad_org_id, isactive, created, createdby, updated, updatedby, name, description, help, iscentrallymaintained, ad_tab_id, ad_column_id, ad_fieldgroup_id, isdisplayed, displaylogic, displaylength, isreadonly, seqno, sortno, issameline, isheading, isfieldonly, isencrypted, entitytype, obscuretype, ad_reference_id, ismandatory, included_tab_id, defaultvalue, ad_reference_value_id, ad_val_rule_id, infofactoryclass)
  VALUES(1000639, 0, 0, 'Y', '2008-02-29 18:31:03.0', 100, '2011-07-28 17:56:59.0', 100, 'Service Factor', 'Define the Service Factor Formula', 'Define the Service Factor Formula', 'Y', 1000019, 1000714, NULL, 'N', '@lbr_TaxType@=''S''', 1000, 'N', 0, NULL, 'N', 'N', 'N', 'N', 'LBRA', NULL, NULL, NULL, NULL, NULL, NULL, NULL, NULL);
INSERT INTO ad_field(ad_field_id, ad_client_id, ad_org_id, isactive, created, createdby, updated, updatedby, name, description, help, iscentrallymaintained, ad_tab_id, ad_column_id, ad_fieldgroup_id, isdisplayed, displaylogic, displaylength, isreadonly, seqno, sortno, issameline, isheading, isfieldonly, isencrypted, entitytype, obscuretype, ad_reference_id, ismandatory, included_tab_id, defaultvalue, ad_reference_value_id, ad_val_rule_id, infofactoryclass)
  VALUES(1106006, 0, 0, 'Y', '2011-09-19 18:41:19.0', 100, '2011-09-19 18:41:19.0', 100, 'Price includes Tax', 'Tax is included in the price ', 'The Tax Included checkbox indicates if the prices include tax.  This is also known as the gross price.', 'Y', 1000019, 1106004, NULL, 'Y', NULL, 22, 'N', 110, 0, 'N', 'N', 'N', 'N', 'LBRA', NULL, NULL, NULL, NULL, NULL, NULL, NULL, NULL);
INSERT INTO ad_field(ad_field_id, ad_client_id, ad_org_id, isactive, created, createdby, updated, updatedby, name, description, help, iscentrallymaintained, ad_tab_id, ad_column_id, ad_fieldgroup_id, isdisplayed, displaylogic, displaylength, isreadonly, seqno, sortno, issameline, isheading, isfieldonly, isencrypted, entitytype, obscuretype, ad_reference_id, ismandatory, included_tab_id, defaultvalue, ad_reference_value_id, ad_val_rule_id, infofactoryclass)
  VALUES(1120258, 0, 0, 'Y', '2011-04-05 21:45:05.0', 100, '2011-07-29 14:51:58.0', 100, 'Formula (BR)', NULL, NULL, 'Y', 1000019, 1120331, 111, 'Y', NULL, 10, 'N', 70, NULL, 'N', 'N', 'N', 'N', 'U', NULL, NULL, NULL, NULL, NULL, NULL, NULL, NULL);
INSERT INTO ad_field(ad_field_id, ad_client_id, ad_org_id, isactive, created, createdby, updated, updatedby, name, description, help, iscentrallymaintained, ad_tab_id, ad_column_id, ad_fieldgroup_id, isdisplayed, displaylogic, displaylength, isreadonly, seqno, sortno, issameline, isheading, isfieldonly, isencrypted, entitytype, obscuretype, ad_reference_id, ismandatory, included_tab_id, defaultvalue, ad_reference_value_id, ad_val_rule_id, infofactoryclass)
  VALUES(1120259, 0, 0, 'Y', '2011-04-05 21:45:07.0', 100, '2011-07-29 14:52:01.0', 100, 'Formula Net (BR)', NULL, NULL, 'Y', 1000019, 1120332, 111, 'Y', NULL, 10, 'N', 80, NULL, 'Y', 'N', 'N', 'N', 'U', NULL, NULL, NULL, NULL, NULL, NULL, NULL, NULL);
INSERT INTO ad_field(ad_field_id, ad_client_id, ad_org_id, isactive, created, createdby, updated, updatedby, name, description, help, iscentrallymaintained, ad_tab_id, ad_column_id, ad_fieldgroup_id, isdisplayed, displaylogic, displaylength, isreadonly, seqno, sortno, issameline, isheading, isfieldonly, isencrypted, entitytype, obscuretype, ad_reference_id, ismandatory, included_tab_id, defaultvalue, ad_reference_value_id, ad_val_rule_id, infofactoryclass)
  VALUES(1120260, 0, 0, 'Y', '2011-04-05 21:45:08.0', 100, '2011-07-29 14:51:55.0', 100, 'Valid from', 'Valid from including this date (first day)', 'The Valid From date indicates the first day of a date range', 'Y', 1000019, 1120333, 111, 'Y', NULL, 7, 'N', 60, NULL, 'Y', 'N', 'N', 'N', 'U', NULL, NULL, NULL, NULL, NULL, NULL, NULL, NULL);
INSERT INTO ad_field(ad_field_id, ad_client_id, ad_org_id, isactive, created, createdby, updated, updatedby, name, description, help, iscentrallymaintained, ad_tab_id, ad_column_id, ad_fieldgroup_id, isdisplayed, displaylogic, displaylength, isreadonly, seqno, sortno, issameline, isheading, isfieldonly, isencrypted, entitytype, obscuretype, ad_reference_id, ismandatory, included_tab_id, defaultvalue, ad_reference_value_id, ad_val_rule_id, infofactoryclass)
  VALUES(1120262, 0, 0, 'Y', '2011-05-17 16:21:08.0', 100, '2011-07-29 14:52:04.0', 100, 'Additional Formula', NULL, NULL, 'Y', 1000019, 1120388, 111, 'Y', NULL, 10, 'N', 90, NULL, 'N', 'N', 'N', 'N', 'U', NULL, NULL, NULL, NULL, NULL, NULL, NULL, NULL);
INSERT INTO ad_field(ad_field_id, ad_client_id, ad_org_id, isactive, created, createdby, updated, updatedby, name, description, help, iscentrallymaintained, ad_tab_id, ad_column_id, ad_fieldgroup_id, isdisplayed, displaylogic, displaylength, isreadonly, seqno, sortno, issameline, isheading, isfieldonly, isencrypted, entitytype, obscuretype, ad_reference_id, ismandatory, included_tab_id, defaultvalue, ad_reference_value_id, ad_val_rule_id, infofactoryclass)
  VALUES(1120263, 0, 0, 'Y', '2011-05-17 17:18:20.0', 100, '2011-07-29 14:52:07.0', 100, 'Formula Base', NULL, NULL, 'Y', 1000019, 1120389, 111, 'Y', NULL, 10, 'N', 100, NULL, 'Y', 'N', 'N', 'N', 'U', NULL, NULL, NULL, NULL, NULL, NULL, NULL, NULL);

INSERT INTO ad_field_trl(ad_field_id, ad_language, ad_client_id, ad_org_id, isactive, created, createdby, updated, updatedby, name, description, help, istranslated)
  VALUES(1000271, 'pt_BR', 0, 0, 'Y', '2010-08-19 16:50:36.206', 100, '2010-08-19 16:53:59.109', 100, 'Fórmula do Imposto', 'Define a fórmula do Imposto', 'Chave primária tabela LBR_TaxFormula', 'Y');
INSERT INTO ad_field_trl(ad_field_id, ad_language, ad_client_id, ad_org_id, isactive, created, createdby, updated, updatedby, name, description, help, istranslated)
  VALUES(1000272, 'pt_BR', 0, 0, 'Y', '2010-08-19 16:50:36.206', 100, '2010-08-19 16:53:59.109', 100, 'Imposto', 'Define o nome do Imposto', 'Chave primária da tabela LBR_TaxName', 'Y');
INSERT INTO ad_field_trl(ad_field_id, ad_language, ad_client_id, ad_org_id, isactive, created, createdby, updated, updatedby, name, description, help, istranslated)
  VALUES(1106006, 'pt_BR', 0, 0, 'Y', '2011-09-19 18:41:19.0', 100, '2011-09-19 18:41:19.0', 100, 'Price includes Tax', 'Tax is included in the price ', 'The Tax Included checkbox indicates if the prices include tax.  This is also known as the gross price.', 'N');
INSERT INTO ad_field_trl(ad_field_id, ad_language, ad_client_id, ad_org_id, isactive, created, createdby, updated, updatedby, name, description, help, istranslated)
  VALUES(1120258, 'pt_BR', 0, 0, 'Y', '2011-04-05 21:45:05.0', 100, '2011-04-05 21:45:05.0', 100, 'Formula (BR)', NULL, NULL, 'N');
INSERT INTO ad_field_trl(ad_field_id, ad_language, ad_client_id, ad_org_id, isactive, created, createdby, updated, updatedby, name, description, help, istranslated)
  VALUES(1000267, 'pt_BR', 0, 0, 'Y', '2010-08-19 16:50:36.206', 100, '2010-08-19 16:53:59.109', 100, 'Ativo', 'O registro está ativo no sistema', 'Existem dois métodos de tornar um registro indisponível no sistema: O primeiro é excluir o registro, o outro é desativar o registro. Um registro desativado não está disponível para seleção, mas está disponível para relatórios. Existem duas razões para desativar um registro ao invés de excluí-lo: (1) O sistema exige o registro para fins de auditoria. (2) O registro é referenciado por outros registros. Ex. você não pode excluir um Parceiro de Negócios, se existirem faturas para este parceiro de negócios. Você desativa o Parceiro de Negócios e previne que este registro seja usado para entradas futuras.', 'Y');
INSERT INTO ad_field_trl(ad_field_id, ad_language, ad_client_id, ad_org_id, isactive, created, createdby, updated, updatedby, name, description, help, istranslated)
  VALUES(1000273, 'pt_BR', 0, 0, 'Y', '2010-08-19 16:50:36.206', 100, '2010-08-19 16:53:59.109', 100, 'Tipo de Transação', 'Define o Tipo de Transação', 'Utilizada para definir o CFOP e a forma de cálculo dos impostos', 'Y');
INSERT INTO ad_field_trl(ad_field_id, ad_language, ad_client_id, ad_org_id, isactive, created, createdby, updated, updatedby, name, description, help, istranslated)
  VALUES(1120260, 'pt_BR', 0, 0, 'Y', '2011-04-05 21:45:08.0', 100, '2011-04-05 21:45:08.0', 100, 'Valid from', 'Valid from including this date (first day)', 'The Valid From date indicates the first day of a date range', 'N');
INSERT INTO ad_field_trl(ad_field_id, ad_language, ad_client_id, ad_org_id, isactive, created, createdby, updated, updatedby, name, description, help, istranslated)
  VALUES(1000268, 'pt_BR', 0, 0, 'Y', '2010-08-19 16:50:36.206', 100, '2010-08-19 16:53:59.109', 100, 'Empresa', 'Empresa/Locatário para esta instalação.', 'Uma Empresa é uma Companhia ou uma Entidade Legal (pessoa jurídica). Dados não podem ser compartilhados entre Empresas. Locatário é um sinônimo para Empresa (Client).', 'Y');
INSERT INTO ad_field_trl(ad_field_id, ad_language, ad_client_id, ad_org_id, isactive, created, createdby, updated, updatedby, name, description, help, istranslated)
  VALUES(1120262, 'pt_BR', 0, 0, 'Y', '2011-05-17 16:21:08.0', 100, '2011-05-17 16:21:08.0', 100, 'Additional Formula', NULL, NULL, 'N');
INSERT INTO ad_field_trl(ad_field_id, ad_language, ad_client_id, ad_org_id, isactive, created, createdby, updated, updatedby, name, description, help, istranslated)
  VALUES(1120263, 'pt_BR', 0, 0, 'Y', '2011-05-17 17:18:20.0', 100, '2011-05-17 17:18:20.0', 100, 'Formula Base', NULL, NULL, 'N');
INSERT INTO ad_field_trl(ad_field_id, ad_language, ad_client_id, ad_org_id, isactive, created, createdby, updated, updatedby, name, description, help, istranslated)
  VALUES(1000269, 'pt_BR', 0, 0, 'Y', '2010-08-19 16:50:36.206', 100, '2010-08-19 16:53:59.109', 100, 'Fórmula', 'Define a Fórmula do Imposto', 'Campo para definir a Fórmula da Base de Cálculo do Imposto;
Usar o nome dos impostos separados por @. Ex. @PIS@;
Usar @AMT@ quando for identificar o valor do Produto/Serviço', 'Y');
INSERT INTO ad_field_trl(ad_field_id, ad_language, ad_client_id, ad_org_id, isactive, created, createdby, updated, updatedby, name, description, help, istranslated)
  VALUES(1000297, 'pt_BR', 0, 0, 'Y', '2010-08-19 16:50:36.206', 100, '2010-08-19 16:53:59.109', 100, 'Fórmula Valor Líquido', 'Define a Fórmula de Cálculo para Valor Líquido', 'Campo para definir a Fórmula de Cálculo do Valor Líquido (usada quando o preço está com Impostos Inclusos);
Usar o nome dos impostos separados por @. Ex. @PIS@;
Usar @AMT@ quando for identificar o valor do Produto/Serviço', 'Y');
INSERT INTO ad_field_trl(ad_field_id, ad_language, ad_client_id, ad_org_id, isactive, created, createdby, updated, updatedby, name, description, help, istranslated)
  VALUES(1120259, 'pt_BR', 0, 0, 'Y', '2011-04-05 21:45:07.0', 100, '2011-04-05 21:45:07.0', 100, 'Formula Net (BR)', NULL, NULL, 'N');
INSERT INTO ad_field_trl(ad_field_id, ad_language, ad_client_id, ad_org_id, isactive, created, createdby, updated, updatedby, name, description, help, istranslated)
  VALUES(1000270, 'pt_BR', 0, 0, 'Y', '2010-08-19 16:50:36.206', 100, '2010-08-19 16:53:59.109', 100, 'Organização', 'Entidade organizacional dentro da Empresa', 'Uma "Organização" é uma unidade de sua "Empresa" ou "Entidade Legal" - os exemplos são loja, departamento. Você pode compartilhar dados entre organizações.', 'Y');
INSERT INTO ad_field_trl(ad_field_id, ad_language, ad_client_id, ad_org_id, isactive, created, createdby, updated, updatedby, name, description, help, istranslated)
  VALUES(1000639, 'pt_BR', 0, 0, 'Y', '2010-08-19 16:50:36.206', 100, '2010-08-19 16:53:59.109', 100, 'Fator de Serviço', 'Define a Fórmula do Fator de Serviço', 'Define a Fórmula do Fator de Serviço', 'Y');
